


//populating the database 

INSERT INTO CATEGORY (CategoryName) VALUES
    ('Electronics'),
    ('Fruits and Vegetables'),
    ('Dairy'),
    ('Deli'),
    ('Bakery'),
    ('Frozen Foods'),
    ('Canned Food'),
    ('Beverages'),
    ('Snacks'),
    ('Cereal and Breakfast Foods'),
    ('Condiments'),
    ('Household and Cleaning'),
    ('Pasta and Rice'),
    ('Pet Supplies'),
    ('Personal Care'),



INSERT INTO Products (UPC, Name, VAT, Price, Category) VALUES
    (563456789012, 'Pears', 0.03, 2, 'Fruits and Vegetables'),
    (895678901234, 'Milk', 0.5, 4, 'Dairy'),
    (398457934545, 'Chicken Breast', 0.5, 8, 'Deli'),
    (676686434567, 'Canned Peas', 0.5, 2, 'Canned Food'),
    (154748945898, 'Sparkling Water', 0.22, 2, 'Beverages'),
    (890123456789, 'Potato Chips', 0.10, 3, 'Snacks'),
    (901234567890, 'Baguette', 0.1, 2.49, 'Bakery'),
    (012345678901, 'Croissant', 0.1, 1.99, 'Bakery'),
    (345374005678, 'Turkey Breast', 0.1, 5.99, 'Deli'),
    (778899001122, 'Lays Potato Chips', 0.1, 1.79, 'Snacks'),
    (889900112233, 'Lindt Chocolate Bar', 0.1, 1.99, 'Snacks'),
    (890123456789, 'Salami', 0.1, 4.99, 'Deli'),
    (122334455660, 'Heinz Ketchup', 0.1, 1.49, 'Condiments'),
    (334455667788, 'Tomato Soup', 0.05, 1.29, 'Canned Food'),       
    (223344556677, 'Heinz Mustard', 0.1, 1.29, 'Condiments'), 
    (556677889900, 'Spaghetti', 0.05, 1.99, 'Pasta and Rice'),
    (667788990011, 'White Rice', 0.05, 2.49, 'Pasta and Rice'),
    (778899001122, 'Dog Food', 0.1, 7.99, 'Pet Supplies'),
    (889900112233, 'CrazyCat Cat Litter', 0.1, 5.49, 'Pet Supplies'),
    (990011122344, 'Hair Conditioner', 0.1, 3.99, 'Personal Care'),
    (001122334455, 'Toothpaste', 0.05, 1.79, 'Personal Care');
    (223344556677, 'Hellmann,s Maionese', 0.1, 1.29, 'Condiments'), 
    (667788990011, 'Yasmin Rice', 0.05, 2.49, 'Pasta and Rice'),
    (778899001122, 'Cheetos Chips', 0.1, 1.79, 'Snacks'),
    (445566778899, 'Canned Beans', 0.05, 0.99, 'Canned Food'), 
    (123456789012, 'TechCo Smartphone X1', 0.15, 599.99, 'Electronics'),
    (234567890123, 'ElectroTech Laptop ProBook', 0.15, 899.99, 'Electronics'),
    (345678901234, 'FreshHarvest Organic Apples', 0.05, 2.99, 'Fruits and Vegetables'),
    (001122334455, 'Marvis Whitening Toothpaste', 0.05, 1.79, 'Personal Care');
    (956789012345, 'GreenGrove Broccoli Bundle', 0.05, 1.99, 'Fruits and Vegetables'),
    (567890123456, 'Whole Milk', 0.1, 1.99, 'Dairy'),
    (678901234567, 'HappyCow Cheddar Cheese', 0.1, 3.99, 'Dairy'),
    (789012345678, 'DeliMaster Smoked Turkey Breast', 0.1, 5.99, 'Deli'),
    (563456789012, 'EcoFood Organic Kiwi', 0.03, 2, 'Fruits and Vegetables'),
    (901234567890, 'French Baguette', 0.1, 2.49, 'Bakery'),
    (012345678901, 'SweetBites Butter Croissant', 0.1, 1.99, 'Bakery'),
    (334455667788, 'CannedDelights Creamy Tomato Soup', 0.05, 1.29, 'Canned Food'),
    (445566778899, 'NatureHarbor Organic Canned Beans', 0.05, 0.99, 'Canned Food'),
    (556677889900, 'RefreshCo Classic Cola', 0.1, 1.49, 'Beverages'),
    (667788990011, 'CitrusElixir Fresh Orange Juice', 0.05, 2.29, 'Beverages'),
    (778899001122, 'SnackCrave Sea Salt Potato Chips', 0.1, 1.79, 'Snacks'),
    (889900112233, 'Milka Dark Chocolate Bar', 0.1, 1.99, 'Snacks'),
    (990011122344, 'MorningJoy Crunchy Cereal', 0.05, 3.49, 'Cereal and Breakfast Foods'),
    (563456789012, 'EcoFood Oranges', 0.03, 2, 'Fruits and Vegetables'),
    (001122334455, 'QuickStart Instant Oatmeal', 0.05, 2.99, 'Cereal and Breakfast Foods'),
    (223344556677, 'GourmetAccents Dijon Mustard', 0.1, 1.29, 'Condiments'),
    (334455667788, 'CleanSolutions Lemon Dish Soap', 0.1, 2.99, 'Household and Cleaning'),
    (445566778899, 'EssentialHome Select-a-Size Paper Towels', 0.1, 4.49, 'Household and Cleaning'),
    (556677889900, 'PastaPerfect Spaghetti Pasta', 0.05, 1.99, 'Pasta and Rice'),
    (667788990011, 'EcoFood Long Grain White Rice', 0.05, 2.49, 'Pasta and Rice'),
    (778899001122, 'Whiskas Premium Dog Food', 0.1, 7.99, 'Pet Supplies'),
    (889900112233, 'FurryCare Clumping Cat Litter', 0.1, 5.49, 'Pet Supplies'),
    (990011122344, 'Garnier Revitalizing Shampoo', 0.1, 3.99, 'Personal Care'),
    (112233445566, 'FreezeMaster Supreme Pizza', 0.1, 4.99, 'Frozen Foods'),
    (223344556677, 'Carte Dor Vanilla Ice Cream', 0.1, 3.49, 'Frozen Foods'),
   

INSERT INTO Store (StoreID, Location, Schedule) VALUES
(1, '123 Main Street', 'Mon-Fri: 9 AM - 6 PM, Sat: 10 AM - 4 PM'),
(2, '456 Oak Avenue', 'Mon-Fri: 8 AM - 7 PM, Sat-Sun: 9 AM - 5 PM'),
(3, '789 Maple Drive', 'Mon-Sun: 10 AM - 8 PM'),
(4, '101 Pine Lane', 'Mon-Fri: 8:30 AM - 5:30 PM, Sat: 11 AM - 3 PM'),
(5, '202 Cedar Street', 'Mon-Fri: 10 AM - 6 PM, Sat: 10:30 AM - 2:30 PM'),
(6, '303 Elm Road', 'Mon-Fri: 9 AM - 5 PM, Sat: 10 AM - 3 PM'),
(7, '404 Birch Boulevard', 'Mon-Sun: 11 AM - 9 PM'),
(8, '505 Redwood Lane', 'Mon-Fri: 8:30 AM - 6 PM, Sat: 9 AM - 2 PM'),
(9, '606 Walnut Street', 'Mon-Fri: 10 AM - 7 PM, Sun: 12 PM - 5 PM'),
(10, '707 Spruce Avenue', 'Mon-Sun: 9 AM - 8 PM'),


INSERT INTO Position (Position) VALUES
('Manager'),
('Cashier'),
('Stock Clerk'),
('Marketing Coordinator'),
('Assistant Manager'),
('Sales Associate'),
('Customer Service Representative'),


INSERT INTO Employee (EmployeeID, Name, Surname, Salary, Position, StoreID) VALUES
(1, 'John', 'Walter', 60000, 'Manager', 1),
(2, 'Paula', 'Smith', 30000, 'Cashier', 2),
(3, 'Bob', 'Johnson', 25000, 'Stock Clerk', 3),
(4, 'Emily', 'Davis', 70000, 'Marketing Coordinator', 1),
(5, 'Michael', 'Brown', 45000, 'Assistant Manager', 2),
(6, 'Sara', 'Wilson', 55000, 'Sales Associate', 3),
(7, 'David', 'Lee', 35000, 'Customer Service Representative', 4),
(8, 'Alice', 'Taylor', 32000, 'Cashier', 5),
(9, 'Chris', 'Harris', 60000, 'Manager', 6),
(10, 'Emma', 'Evans', 40000, 'Assistant Manager', 1),
(11, 'Jack', 'Roberts', 50000, 'Sales Associate', 2),
(12, 'Sophie', 'Miller', 75000, 'Customer Service Representative', 3),
(13, 'Matthew', 'Clark', 42000, 'Marketing Coordinator', 4),
(14, 'Olivia', 'Johnson', 48000, 'Stock Clerk', 5),
(15, 'Daniel', 'White', 38000, 'Sales Associate', 6),